window_start,window_end,datetime,elapsed_seconds,request_count,success_count,failure_count,throughput_rps,success_rate,avg_latency_ms,p50_latency_ms,p95_latency_ms,p99_latency_ms
1766871008.4661674,1766871009.4661674,2025-12-27T23:30:08.466167,0,30,30,0,30.0,1.0,1.2155930201212566,1.0094642639160156,1.7604827880859375,1.857757568359375
1766871009.4661674,1766871010.4661674,2025-12-27T23:30:09.466167,1,29,29,0,29.0,1.0,1.4216653231916756,1.4503002166748047,2.0918846130371094,2.1660327911376953
1766871010.4661674,1766871011.4661674,2025-12-27T23:30:10.466167,2,30,30,0,30.0,1.0,1.3409217198689778,1.4121532440185547,2.0203590393066406,2.166748046875
1766871011.4661674,1766871012.4661674,2025-12-27T23:30:11.466167,3,29,29,0,29.0,1.0,1.3184547424316406,1.508951187133789,1.7642974853515625,2.3708343505859375
1766871012.4661674,1766871013.4661674,2025-12-27T23:30:12.466167,4,29,29,0,29.0,1.0,1.2777344933871566,1.1110305786132812,2.0067691802978516,2.148151397705078
1766871013.4661674,1766871014.4661674,2025-12-27T23:30:13.466167,5,30,30,0,30.0,1.0,1.3588746388753254,1.5101432800292969,2.0055770874023438,2.00653076171875
1766871014.4661674,1766871015.4661674,2025-12-27T23:30:14.466167,6,29,29,0,29.0,1.0,1.4487546065758015,1.5137195587158203,2.0079612731933594,2.137422561645508
1766871015.4661674,1766871016.4661674,2025-12-27T23:30:15.466167,7,29,29,0,29.0,1.0,1.3357853067332301,1.5099048614501953,2.011537551879883,2.5184154510498047
1766871016.4661674,1766871017.4661674,2025-12-27T23:30:16.466167,8,30,30,0,30.0,1.0,1.3005733489990234,1.5099048614501953,1.817464828491211,2.006053924560547
1766871017.4661674,1766871018.4661674,2025-12-27T23:30:17.466167,9,29,29,0,29.0,1.0,1.4227012108112205,1.5106201171875,2.00653076171875,3.008127212524414
1766871018.4661674,1766871019.4661674,2025-12-27T23:30:18.466167,10,29,29,0,29.0,1.0,1.272867465841359,1.0094642639160156,1.6155242919921875,2.0074844360351562
1766871019.4661674,1766871020.4661674,2025-12-27T23:30:19.466167,11,30,30,0,30.0,1.0,1.2857993443806965,1.508951187133789,1.630544662475586,2.0151138305664062
1766871020.4661674,1766871021.4661674,2025-12-27T23:30:20.466167,12,29,29,0,29.0,1.0,1.3805915569436962,1.5101432800292969,2.0055770874023438,2.0072460174560547
1766871021.4661674,1766871022.4661674,2025-12-27T23:30:21.466167,13,29,29,0,29.0,1.0,1.306459821503738,1.5099048614501953,2.00653076171875,2.0275115966796875
1766871022.4661674,1766871023.4661674,2025-12-27T23:30:22.466167,14,29,29,0,29.0,1.0,1.3097647962899044,1.5094280242919922,2.010822296142578,2.5107860565185547
1766871023.4661674,1766871024.4661674,2025-12-27T23:30:23.466167,15,30,30,0,30.0,1.0,1.4562606811523438,1.5096664428710938,2.180337905883789,4.541635513305664
1766871024.4661674,1766871025.4661674,2025-12-27T23:30:24.466167,16,29,29,0,29.0,1.0,1.3315019936397159,1.5096664428710938,1.7888545989990234,2.0084381103515625
1766871025.4661674,1766871026.4661674,2025-12-27T23:30:25.466167,17,29,29,0,29.0,1.0,1.3934086109029835,1.5087127685546875,2.0117759704589844,2.2630691528320312
1766871026.4661674,1766871027.4661674,2025-12-27T23:30:26.466167,18,30,30,0,30.0,1.0,2.3280700047810874,1.5146732330322266,6.55817985534668,10.734319686889648
1766871027.4661674,1766871028.4661674,2025-12-27T23:30:27.466167,19,29,29,0,29.0,1.0,1.2341203360721982,1.3470649719238281,2.007722854614258,2.012014389038086
1766871028.4661674,1766871029.4661674,2025-12-27T23:30:28.466167,20,29,29,0,29.0,1.0,6.563795023951037,5.102872848510742,15.431880950927734,17.666101455688477
1766871029.4661674,1766871030.4661674,2025-12-27T23:30:29.466167,21,30,30,0,30.0,1.0,1.0006904602050781,1.01470947265625,1.5206336975097656,1.947641372680664
1766871030.4661674,1766871031.4661674,2025-12-27T23:30:30.466167,22,29,25,4,29.0,0.8620689655172413,1.0708904266357422,1.0175704956054688,1.6627311706542969,2.263307571411133
1766871031.4661674,1766871032.4661674,2025-12-27T23:30:31.466167,23,22,0,22,22.0,0.0,0.0,0.0,0.0,0.0
1766871032.4661674,1766871033.4661674,2025-12-27T23:30:32.466167,24,0,0,0,0.0,0.0,0.0,0.0,0.0,0.0
1766871033.4661674,1766871034.4661674,2025-12-27T23:30:33.466167,25,0,0,0,0.0,0.0,0.0,0.0,0.0,0.0
1766871034.4661674,1766871035.4661674,2025-12-27T23:30:34.466167,26,29,28,1,29.0,0.9655172413793104,1.0292785508292062,1.0080337524414062,2.008676528930664,2.012968063354492
1766871035.4661674,1766871036.4661674,2025-12-27T23:30:35.466167,27,29,29,0,29.0,1.0,1.4191495961156384,1.5141963958740234,2.089977264404297,2.44140625
1766871036.4661674,1766871037.4661674,2025-12-27T23:30:36.466167,28,30,30,0,30.0,1.0,0.9604056676228842,1.0082721710205078,2.2089481353759766,2.941131591796875
1766871037.4661674,1766871038.4661674,2025-12-27T23:30:37.466167,29,29,29,0,29.0,1.0,1.4662578188139817,1.3985633850097656,2.0101070404052734,2.0112991333007812
1766871038.4661674,1766871039.4661674,2025-12-27T23:30:38.466167,30,29,29,0,29.0,1.0,1.4944734244511044,1.4743804931640625,2.253293991088867,2.3446083068847656
1766871039.4661674,1766871040.4661674,2025-12-27T23:30:39.466167,31,29,29,0,29.0,1.0,1.3307045245992726,1.4154911041259766,2.0084381103515625,2.0110607147216797
1766871040.4661674,1766871041.4661674,2025-12-27T23:30:40.466167,32,30,30,0,30.0,1.0,1.1803229649861653,1.0173320770263672,2.007007598876953,2.007722854614258
1766871041.4661674,1766871042.4661674,2025-12-27T23:30:41.466167,33,29,29,0,29.0,1.0,2.035535615066002,1.1603832244873047,6.384611129760742,16.188859939575195
1766871042.4661674,1766871043.4661674,2025-12-27T23:30:42.466167,34,28,28,0,28.0,1.0,10.367512702941895,7.259845733642578,27.337074279785156,62.88719177246094
1766871043.4661674,1766871044.4661674,2025-12-27T23:30:43.466167,35,27,27,0,27.0,1.0,14.00623498139558,4.579067230224609,61.42473220825195,76.65657997131348
1766871044.4661674,1766871045.4661674,2025-12-27T23:30:44.466167,36,21,21,0,21.0,1.0,23.341519492013113,5.125761032104492,139.09101486206055,204.5292854309082
1766871045.4661674,1766871046.4661674,2025-12-27T23:30:45.466167,37,29,29,0,29.0,1.0,0.7212573084337958,1.0068416595458984,1.5146732330322266,2.0895004272460938
1766871046.4661674,1766871047.4661674,2025-12-27T23:30:46.466167,38,29,29,0,29.0,1.0,1.1906870480241447,1.2819766998291016,1.7812252044677734,1.8053054809570312
1766871047.4661674,1766871048.4661674,2025-12-27T23:30:47.466167,39,29,29,0,29.0,1.0,1.4153020135287582,1.5125274658203125,1.8434524536132812,2.0110607147216797
1766871048.4661674,1766871049.4661674,2025-12-27T23:30:48.466167,40,29,29,0,29.0,1.0,1.4448494746767242,1.4464855194091797,2.5157928466796875,4.259586334228516
1766871049.4661674,1766871050.4661674,2025-12-27T23:30:49.466167,41,30,30,0,30.0,1.0,1.3604323069254558,1.4231204986572266,2.0101070404052734,2.0575523376464844
1766871050.4661674,1766871051.4661674,2025-12-27T23:30:50.466167,42,29,29,0,29.0,1.0,1.3694598756987473,1.5113353729248047,2.0112991333007812,2.014636993408203
1766871051.4661674,1766871052.4661674,2025-12-27T23:30:51.466167,43,30,30,0,30.0,1.0,1.3794342676798503,1.5130043029785156,2.0074844360351562,2.0143985748291016
1766871052.4661674,1766871053.4661674,2025-12-27T23:30:52.466167,44,29,29,0,29.0,1.0,1.5018561790729392,1.514434814453125,2.0093917846679688,2.5141239166259766
1766871053.4661674,1766871054.4661674,2025-12-27T23:30:53.466167,45,29,29,0,29.0,1.0,1.4082316694588497,1.5130043029785156,2.012968063354492,2.042531967163086
1766871054.4661674,1766871055.4661674,2025-12-27T23:30:54.466167,46,30,30,0,30.0,1.0,1.6844669977823894,1.489877700805664,2.061128616333008,7.5206756591796875
1766871055.4661674,1766871056.4661674,2025-12-27T23:30:55.466167,47,29,29,0,29.0,1.0,1.9748539760194976,1.51824951171875,7.209300994873047,10.512828826904297
1766871056.4661674,1766871057.4661674,2025-12-27T23:30:56.466167,48,29,29,0,29.0,1.0,1.3582624238112877,1.458883285522461,2.009153366088867,2.0101070404052734
1766871057.4661674,1766871058.4661674,2025-12-27T23:30:57.466167,49,30,30,0,30.0,1.0,1.3074477513631184,1.5118122100830078,1.8458366394042969,2.0084381103515625
1766871058.4661674,1766871059.4661674,2025-12-27T23:30:58.466167,50,29,29,0,29.0,1.0,1.4552083508721714,1.5134811401367188,2.095460891723633,3.0074119567871094
1766871059.4661674,1766871060.4661674,2025-12-27T23:30:59.466167,51,29,29,0,29.0,1.0,1.2766657204463565,1.1196136474609375,1.8274784088134766,1.9865036010742188
1766871060.4661674,1766871061.4661674,2025-12-27T23:31:00.466167,52,30,30,0,30.0,1.0,1.2995481491088867,1.477956771850586,1.6672611236572266,1.6925334930419922
1766871061.4661674,1766871062.4661674,2025-12-27T23:31:01.466167,53,29,29,0,29.0,1.0,1.4661673841805294,1.5130043029785156,2.0089149475097656,2.0105838775634766
1766871062.4661674,1766871063.4661674,2025-12-27T23:31:02.466167,54,29,29,0,29.0,1.0,1.4460086822509766,1.5125274658203125,2.0074844360351562,2.0074844360351562
1766871063.4661674,1766871064.4661674,2025-12-27T23:31:03.466167,55,30,30,0,30.0,1.0,1.2675364812215169,1.4405250549316406,1.943826675415039,2.0067691802978516
1766871064.4661674,1766871065.4661674,2025-12-27T23:31:04.466167,56,29,29,0,29.0,1.0,1.4240248449917496,1.5103816986083984,2.0897388458251953,4.153728485107422
1766871065.4661674,1766871066.4661674,2025-12-27T23:31:05.466167,57,29,29,0,29.0,1.0,1.3470320866025727,1.5099048614501953,2.254486083984375,2.384662628173828
1766871066.4661674,1766871067.4661674,2025-12-27T23:31:06.466167,58,30,30,0,30.0,1.0,1.3616402943929036,1.5134811401367188,2.026081085205078,2.1827220916748047
1766871067.4661674,1766871068.4661674,2025-12-27T23:31:07.466167,59,29,29,0,29.0,1.0,1.2966599957696323,1.4197826385498047,1.9104480743408203,2.563953399658203
1766871068.4661674,1766871069.4661674,2025-12-27T23:31:08.466167,60,29,29,0,29.0,1.0,1.5172218454295192,1.5132427215576172,2.0112991333007812,5.01704216003418
1766871069.4661674,1766871070.4661674,2025-12-27T23:31:09.466167,61,30,30,0,30.0,1.0,1.589814821879069,1.5134811401367188,2.607583999633789,6.52313232421875
1766871070.4661674,1766871071.4661674,2025-12-27T23:31:10.466167,62,29,29,0,29.0,1.0,1.4356909127070987,1.5125274658203125,2.008199691772461,2.2368431091308594
1766871071.4661674,1766871072.4661674,2025-12-27T23:31:11.466167,63,29,29,0,29.0,1.0,1.4601000424089103,1.5120506286621094,2.008676528930664,2.533435821533203
1766871072.4661674,1766871073.4661674,2025-12-27T23:31:12.466167,64,30,30,0,30.0,1.0,1.6216595967610676,1.51824951171875,2.0923614501953125,2.5157928466796875
1766871073.4661674,1766871074.4661674,2025-12-27T23:31:13.466167,65,29,29,0,29.0,1.0,1.3950610982960667,1.512765884399414,2.00653076171875,2.016305923461914
1766871074.4661674,1766871075.4661674,2025-12-27T23:31:14.466167,66,29,29,0,29.0,1.0,1.4435505044871364,1.512765884399414,2.012491226196289,2.0143985748291016
1766871075.4661674,1766871076.4661674,2025-12-27T23:31:15.466167,67,30,30,0,30.0,1.0,1.4957427978515625,1.512765884399414,2.0105838775634766,3.0100345611572266
1766871076.4661674,1766871077.4661674,2025-12-27T23:31:16.466167,68,29,29,0,29.0,1.0,1.3282463468354324,1.4698505401611328,2.0079612731933594,2.0198822021484375
1766871077.4661674,1766871078.4661674,2025-12-27T23:31:17.466167,69,29,29,0,29.0,1.0,1.4012106533708244,1.5153884887695312,2.0096302032470703,2.009868621826172
1766871078.4661674,1766871079.4661674,2025-12-27T23:31:18.466167,70,29,29,0,29.0,1.0,1.4261541695430362,1.5118122100830078,2.022981643676758,2.077341079711914
1766871079.4661674,1766871080.4661674,2025-12-27T23:31:19.466167,71,30,30,0,30.0,1.0,1.377693812052409,1.5125274658203125,1.9230842590332031,2.0096302032470703
1766871080.4661674,1766871081.4661674,2025-12-27T23:31:20.466167,72,29,29,0,29.0,1.0,1.4442904242153825,1.5141963958740234,2.017974853515625,2.198457717895508
1766871081.4661674,1766871082.4661674,2025-12-27T23:31:21.466167,73,29,29,0,29.0,1.0,1.3331298170418575,1.5120506286621094,2.010822296142578,2.0203590393066406
1766871082.4661674,1766871083.4661674,2025-12-27T23:31:22.466167,74,30,30,0,30.0,1.0,1.3294537862141926,1.512289047241211,2.0072460174560547,2.010822296142578
1766871083.4661674,1766871084.4661674,2025-12-27T23:31:23.466167,75,29,29,0,29.0,1.0,1.4729417603591393,1.4734268188476562,2.3636817932128906,3.8576126098632812
1766871084.4661674,1766871085.4661674,2025-12-27T23:31:24.466167,76,29,29,0,29.0,1.0,2.1917408910290948,1.516580581665039,2.0112991333007812,22.878408432006836
1766871085.4661674,1766871086.4661674,2025-12-27T23:31:25.466167,77,30,30,0,30.0,1.0,1.4745314915974934,1.5189647674560547,2.0079612731933594,2.0084381103515625
1766871086.4661674,1766871087.4661674,2025-12-27T23:31:26.466167,78,29,29,0,29.0,1.0,1.3827702094768655,1.512289047241211,2.009868621826172,2.0339488983154297
1766871087.4661674,1766871088.4661674,2025-12-27T23:31:27.466167,79,28,28,0,28.0,1.0,1.4104161943708147,1.4214515686035156,2.114534378051758,3.0117034912109375
1766871088.4661674,1766871089.4661674,2025-12-27T23:31:28.466167,80,30,30,0,30.0,1.0,2.198195457458496,1.4581680297851562,3.455638885498047,24.10149574279785
1766871089.4661674,1766871090.4661674,2025-12-27T23:31:29.466167,81,29,29,0,29.0,1.0,1.2672194119157463,1.0654926300048828,2.023935317993164,2.080678939819336
1766871090.4661674,1766871091.4661674,2025-12-27T23:31:30.466167,82,29,29,0,29.0,1.0,1.4185576603330414,1.5141963958740234,2.0105838775634766,2.0110607147216797
1766871091.4661674,1766871092.4661674,2025-12-27T23:31:31.466167,83,29,29,0,29.0,1.0,1.3399946278539197,1.3899803161621094,1.7390251159667969,3.007650375366211
1766871092.4661674,1766871093.4661674,2025-12-27T23:31:32.466167,84,29,29,0,29.0,1.0,1.4333971615495353,1.5146732330322266,2.019643783569336,2.3386478424072266
1766871093.4661674,1766871094.4661674,2025-12-27T23:31:33.466167,85,30,30,0,30.0,1.0,1.4767646789550781,1.5153884887695312,2.0117759704589844,2.1767616271972656
1766871094.4661674,1766871095.4661674,2025-12-27T23:31:34.466167,86,29,29,0,29.0,1.0,1.2818698225350216,1.0790824890136719,1.9695758819580078,2.009153366088867
1766871095.4661674,1766871096.4661674,2025-12-27T23:31:35.466167,87,29,29,0,29.0,1.0,1.3659082610031654,1.4486312866210938,2.010822296142578,2.012014389038086
1766871096.4661674,1766871097.4661674,2025-12-27T23:31:36.466167,88,30,30,0,30.0,1.0,1.4789342880249023,1.5139579772949219,2.063274383544922,3.008127212524414
1766871097.4661674,1766871098.4661674,2025-12-27T23:31:37.466167,89,29,29,0,29.0,1.0,1.406061238255994,1.512765884399414,2.009868621826172,2.0132064819335938
1766871098.4661674,1766871099.4661674,2025-12-27T23:31:38.466167,90,29,29,0,29.0,1.0,1.4001501017603382,1.512765884399414,1.7478466033935547,1.9567012786865234
1766871099.4661674,1766871100.4661674,2025-12-27T23:31:39.466167,91,30,30,0,30.0,1.0,1.4534552892049153,1.5141963958740234,2.0074844360351562,2.3360252380371094
1766871100.4661674,1766871101.4661674,2025-12-27T23:31:40.466167,92,29,29,0,29.0,1.0,1.4049349160029971,1.5110969543457031,2.008676528930664,2.0089149475097656
1766871101.4661674,1766871102.4661674,2025-12-27T23:31:41.466167,93,29,29,0,29.0,1.0,1.3760780466013942,1.5118122100830078,1.7218589782714844,2.0084381103515625
1766871102.4661674,1766871103.4661674,2025-12-27T23:31:42.466167,94,30,30,0,30.0,1.0,1.325503985087077,1.4259815216064453,1.7282962799072266,1.9741058349609375
1766871103.4661674,1766871104.4661674,2025-12-27T23:31:43.466167,95,29,29,0,29.0,1.0,1.3757820787100956,1.5120506286621094,2.0084381103515625,2.017974853515625
1766871104.4661674,1766871105.4661674,2025-12-27T23:31:44.466167,96,29,29,0,29.0,1.0,1.2840402537378772,1.2574195861816406,2.007722854614258,2.0134449005126953
1766871105.4661674,1766871106.4661674,2025-12-27T23:31:45.466167,97,30,30,0,30.0,1.0,1.4528354008992512,1.5120506286621094,2.0160675048828125,3.013134002685547
1766871106.4661674,1766871107.4661674,2025-12-27T23:31:46.466167,98,29,29,0,29.0,1.0,1.3924384939259495,1.5118122100830078,2.0089149475097656,2.048492431640625
1766871107.4661674,1766871108.4661674,2025-12-27T23:31:47.466167,99,29,29,0,29.0,1.0,1.409505975657496,1.5125274658203125,2.0096302032470703,2.0215511322021484
1766871108.4661674,1766871109.4661674,2025-12-27T23:31:48.466167,100,30,30,0,30.0,1.0,1.3646046320597331,1.5108585357666016,2.0110607147216797,2.0542144775390625
1766871109.4661674,1766871110.4661674,2025-12-27T23:31:49.466167,101,29,29,0,29.0,1.0,1.249338018483129,1.3947486877441406,1.7020702362060547,1.8796920776367188
1766871110.4661674,1766871111.4661674,2025-12-27T23:31:50.466167,102,29,29,0,29.0,1.0,1.3553027448983028,1.5153884887695312,2.007722854614258,2.0079612731933594
1766871111.4661674,1766871112.4661674,2025-12-27T23:31:51.466167,103,30,30,0,30.0,1.0,1.2613773345947266,1.4660358428955078,2.0093917846679688,2.0215511322021484
1766871112.4661674,1766871113.4661674,2025-12-27T23:31:52.466167,104,29,29,0,29.0,1.0,1.4172751328040814,1.5120506286621094,2.0072460174560547,2.0117759704589844
1766871113.4661674,1766871114.4661674,2025-12-27T23:31:53.466167,105,29,29,0,29.0,1.0,1.3961627565581223,1.512289047241211,2.0105838775634766,3.5212039947509766
1766871114.4661674,1766871115.4661674,2025-12-27T23:31:54.466167,106,30,30,0,30.0,1.0,1.6602754592895508,1.3446807861328125,2.151966094970703,11.518716812133789
1766871115.4661674,1766871116.4661674,2025-12-27T23:31:55.466167,107,29,29,0,29.0,1.0,1.329126029179014,1.5118122100830078,2.0067691802978516,2.008199691772461
1766871116.4661674,1766871117.4661674,2025-12-27T23:31:56.466167,108,29,29,0,29.0,1.0,1.3198441472546807,1.374959945678711,2.0084381103515625,2.0089149475097656
1766871117.4661674,1766871118.4661674,2025-12-27T23:31:57.466167,109,30,30,0,30.0,1.0,1.3557672500610352,1.512765884399414,2.007007598876953,2.0093917846679688
1766871118.4661674,1766871119.4661674,2025-12-27T23:31:58.466167,110,29,29,0,29.0,1.0,1.348569475371262,1.512289047241211,1.9831657409667969,2.190828323364258
1766871119.4661674,1766871120.4661674,2025-12-27T23:31:59.466167,111,29,29,0,29.0,1.0,1.2563425919105267,1.407623291015625,1.6145706176757812,1.6589164733886719
1766871120.4661674,1766871121.4661674,2025-12-27T23:32:00.466167,112,29,29,0,29.0,1.0,1.3755847667825634,1.5130043029785156,2.008199691772461,2.008199691772461
1766871121.4661674,1766871122.4661674,2025-12-27T23:32:01.466167,113,30,30,0,30.0,1.0,1.3380686442057292,1.3799667358398438,2.260446548461914,2.2623538970947266
1766871122.4661674,1766871123.4661674,2025-12-27T23:32:02.466167,114,29,29,0,29.0,1.0,1.2609547582165948,1.0194778442382812,1.8208026885986328,2.0189285278320312
1766871123.4661674,1766871124.4661674,2025-12-27T23:32:03.466167,115,29,29,0,29.0,1.0,1.2955336735166352,1.0325908660888672,2.0096302032470703,2.0117759704589844
1766871124.4661674,1766871125.4661674,2025-12-27T23:32:04.466167,116,29,29,0,29.0,1.0,1.3642886589313377,1.5120506286621094,2.0112991333007812,2.146482467651367
1766871125.4661674,1766871126.4661674,2025-12-27T23:32:05.466167,117,30,30,0,30.0,1.0,1.369158426920573,1.512289047241211,2.0186901092529297,2.197265625
1766871126.4661674,1766871127.4661674,2025-12-27T23:32:06.466167,118,29,29,0,29.0,1.0,1.3911970730485588,1.5115737915039062,2.0096302032470703,2.4178028106689453
1766871127.4661674,1766871128.4661674,2025-12-27T23:32:07.466167,119,29,29,0,29.0,1.0,1.3809532954775054,1.5120506286621094,2.0079612731933594,2.008199691772461
